Name,Year,total_sales
Wii Sports,2006,82.740000000000009
Super Mario Bros.,1985,40.24
Mario Kart Wii,2008,35.830000000000005
Wii Sports Resort,2009,33.0
Pokemon Red/Pokemon Blue,1996,31.380000000000003
Tetris,1989,30.259999999999998
New Super Mario Bros.,2006,30.009999999999998
Wii Play,2006,29.009999999999998
New Super Mario Bros. Wii,2009,28.61
Duck Hunt,1984,28.31